"country","ISO3","scenario","Mean_YLL","Mean_YLL_disc","Mean_DALY_clinical","Mean_DALY_resistant","Mean_DALY_death","Mean_DALY_death_disc","Mean_DALY_total","Mean_DALY_total_disc","Mean_Cost_VSL","Mean_Cost_VSLY","Mean_Cost_DALY_total_disc","Mean_Cost_clin_gvt","Mean_Cost_clin_gvt_disc","Mean_Cost_clin_oop","Mean_Cost_clin_oop_disc","Mean_Cost_hosp_resistant_gvt","Mean_Cost_hosp_resistant_gvt_disc","Mean_Cost_hosp_resistant_oop","Mean_Cost_hosp_resistant_oop_disc","Mean_Cost_prod_hospital","Mean_Cost_prod_resistant_hospital","Mean_Cost_prod_death","Mean_Cost_prod_total","Mean_Cost_prod_total_disc","Mean_Cost_societal","Mean_Cost_societal_disc","Mean_Catastrophic_cases","Mean_Impoverished_cases","Mean_Cases_averted","Mean_Resistant_cases_averted","Mean_Deaths_averted"
"Angola","AGO","VE1",20057.5165009259,18291.2234953715,198.415752671923,0.303793468528789,20057.5165009259,18291.2234953715,20256.2360470663,18489.943041512,341784652.662672,311686617.276485,11881279.6369231,39980538.9585851,36459796.6813654,12253357.8689539,11174310.0068974,79188.4851115794,72215.0361620762,24288.8549090838,22149.9443148006,20014444.3028654,33277.456567082,116740817.21582,136788538.975252,124742748.579376,189125913.142812,172471220.248116,16205.3612350938,0,0,0,0
"Angola","AGO","VE2",28032.7515620202,25718.4924924934,277.309481479749,0.424587302672235,28032.7515620202,25718.4924924934,28310.4856308026,25996.2265612758,477684475.81044,438248973.802346,16808880.6273823,55877531.7916328,51264531.7282798,17125516.8567382,15711710.4874863,110675.273760995,101538.416271031,33946.5474382569,31144.0717300019,27972553.0709755,46509.1813594104,163159099.283664,191178161.535999,175395344.310537,264325832.005569,242504269.014304,22648.9089741099,0,0,0,0
"Angola","AGO","VE3",23558.6084337077,21341.2105792115,233.049740931858,0.356821412534163,23558.6084337077,21341.2105792115,23792.0149960521,21574.6171415559,401444057.162261,363659092.334788,13771493.6922317,46959246.5373479,42539319.4090677,14392213.513545,13037580.7279886,93011.0421754398,84256.5995713856,28528.5380211369,25843.3573926634,23508017.870891,39086.1235934874,137118232.005024,160665335.999508,145543094.278835,222138335.630598,201230094.372855,19034.0493972291,0,0,0,0
"Benin","BEN","VE1",17487.9242411975,15954.9121337706,193.46290627056,0.480794181615031,17487.9242411975,15954.9121337706,17681.8679416497,16148.8558342228,167982211.386963,153256692.203736,5647174.4513883,5658262.79754925,5162252.79338809,5359069.75992736,4889287.37105125,17757.0620114988,16200.4569690416,16811.494118565,15337.7786751401,10160575.2922716,27453.2996641597,14847205.8473974,25035234.4393332,22840616.2000022,36087135.5529399,32923694.6000858,18622.3194870713,0,0,0,0
"Benin","BEN","VE2",24408.9543905989,22405.577721572,270.027888404635,0.671073541287423,24408.9543905989,22405.577721572,24679.6533525448,22676.2766835179,234462940.233754,215219281.668984,7979914.56963999,7897579.87572025,7249382.20974863,7479978.04324587,6866055.24848479,24784.6062672576,22750.3977898161,23464.8199247788,21538.9335460356,14181729.94523,38318.2320629741,20723143.8882388,34943192.0655318,32075212.7737857,50368999.4106899,46234939.563355,25992.2984991131,0,0,0,0
"Benin","BEN","VE3",20353.9141669208,18451.7260011804,225.168369579143,0.559588626390181,20353.9141669208,18451.7260011804,20579.6421251263,18677.453959386,195511798.026045,177240116.94211,6490060.73945246,6585561.19793165,5970103.33205229,6237335.22650674,5654421.04320439,20667.1592954012,18735.6966043049,19566.6280107086,17738.016180071,11825730.4030539,31952.4545770104,17280424.4385174,29138107.2961484,26414986.7004604,42001237.5078929,38075984.7885015,21674.2185751183,0,0,0,0
"Botswana","BWA","VE1",2.34399264236665,2.14045399843939,0.0266102087884802,8.92291332453847e-06,2.34399264236665,2.14045399843939,2.37061177406846,2.1670731301412,127166.800697182,116124.3777396,5667.04361312074,20506.9199176625,18726.2186493549,920.768282799911,840.814137780452,8.90977779704749,8.13610468147267,0.400091636767328,0.365350013554706,6500.87734637716,2.36887679133906,14017.632636966,20520.8788601345,18738.9654787127,41957.8769300307,38314.4997205431,0,0,0,0,0
"Botswana","BWA","VE2",3.25308028078391,2.98964009366597,0.0369306387369654,1.23835514064978e-05,3.25308028078391,2.98964009366597,3.29002330307229,3.02658311595434,176486.821776325,162194.607216713,7967.00967480475,28460.2671518658,26155.5044479748,1277.87651283895,1174.39181569069,12.3653214322709,11.3639558615737,0.55526207316088,0.510295969705926,9022.15967791695,3.28761542942863,19454.1925987215,28479.6398920679,26173.3083494568,58230.7041402781,53515.0788649536,0,0,0,0,0
"Botswana","BWA","VE3",2.83105700406653,2.56479918524085,0.0321396136697069,1.07770288214761e-05,2.83105700406653,2.56479918524085,2.86320739476506,2.59694957593938,153591.12280958,139146.045479267,6737.70499860161,24768.1064417132,22438.6930854508,1112.09713248547,1007.50561193589,10.7611638283727,9.74908812489775,0.483227724381828,0.437780684740737,7851.71165275341,2.8611118954366,16930.3931847012,24784.96594935,22453.9669748103,50676.4139151015,45910.3525410066,0,0,0,0,0
"Burkina Faso","BFA","VE1",49176.8595263819,44870.0847892512,404.414477975203,2.44625210187103,49176.8595263819,44870.0847892512,49583.720256459,45276.9455193283,93946320.6240115,85718759.0390183,11459521.4505237,12652131.0267379,11544092.0262485,6716353.67031387,6128153.80168613,96008.8392156791,87600.6478985109,50979.8697937364,46515.1923530778,14016330.8905018,92242.6541471661,42299432.3217179,56408005.8663669,51467947.1278283,75923479.2724281,69274308.7960145,24801.1887461761,0,0,0,0
"Burkina Faso","BFA","VE2",68650.054985682,63021.4261038985,564.555695857511,3.4149261038557,68650.054985682,63021.4261038985,69218.0256076434,63589.3967258599,131147457.13034,120394656.347729,16196148.6717493,17662158.5647544,16214035.3865144,9375914.87563332,8607182.12992555,134026.697815707,123037.82763326,71167.0264878422,65332.0307139325,19566558.2470605,128769.167860974,59049284.2104169,78744611.6253383,72288328.4457889,105987878.79003,97297915.820576,34622.0353949579,0,0,0,0
"Burkina Faso","BFA","VE3",57176.9618371076,51839.7502093114,470.204714092348,2.84420893118619,57176.9618371076,51839.7502093114,57650.0107601311,52312.7991323349,109229528.700874,99033444.6147368,13156858.2157508,14710382.4815367,13337234.5928212,7808971.56082198,7080039.26927618,111627.57827012,101207.647067351,59273.2862108333,53740.3921531984,16296510.6788196,107248.709387321,49180713.2639834,65584472.6521904,59462457.7917404,88274727.55903,80034679.6930583,28835.851579629,0,0,0,0
"Burundi","BDI","VE1",15716.1884381777,14338.1202255247,175.840625470996,1.98400825879252,15716.1884381777,14338.1202255247,15894.0130719075,14515.9448592545,5995013.77787937,5469343.19596884,1381199.69181229,2562471.28290563,2337781.92933245,867483.368766798,791418.408092319,34581.8552131932,31549.5579363226,11703.1125650054,10676.9294368013,2233679.50473578,27448.4196308506,13326208.5604468,15587336.4848135,14220566.6083803,19063576.1042641,17391993.4331782,27566.8085885605,0,0,0,0
"Burundi","BDI","VE2",21922.4897238975,20123.2429573089,245.279847597615,2.76749040243437,21922.4897238975,20123.2429573089,22170.5370618976,20371.2902953089,8362436.50661033,7676105.39026272,1950647.33107896,3574387.68237337,3281026.59241314,1210051.3627875,1110738.69213184,48238.1824655981,44279.1251267444,16324.6556856438,14984.84053107,3115756.4813933,38287.7629433871,18588710.0663184,21742754.310655,19958258.9872278,26591756.1939672,24409288.2374306,38452.9035383238,0,0,0,0
"Burundi","BDI","VE3",18250.8896611425,16546.2726179154,204.200138350437,2.30398839772477,18250.8896611425,16546.2726179154,18457.3937878906,16752.7767446636,6961887.44538823,6311653.28076536,1584083.3954785,2975745.73046921,2697813.69632472,1007390.77471094,913301.36232366,40159.2043933761,36408.3700218804,13590.5863534307,12321.2375405435,2593926.53248277,31875.2908840457,15475454.6876817,18101256.5110485,16410615.0724423,22138142.8069755,20070459.7386531,32012.7735703065,0,0,0,0
"Cameroon","CMR","VE1",18960.4177347122,17300.6166247862,212.814957376001,1.19547242715582,18960.4177347122,17300.6166247862,19174.4281645154,17514.6270545893,198753105.075275,181354193.879282,3202975.70950183,6143438.21420334,5605639.64302374,12438896.5636605,11349991.5294207,43841.266944653,40003.3882357848,88794.9649587297,81021.8249648508,14689830.3723684,89719.9193315129,36813827.8726721,51593378.164372,47076877.1283595,70308349.1741393,64153533.5140046,68419.2940965606,19212.1720133557,0,0,0
"Cameroon","CMR","VE2",26431.9482285641,24267.023271045,296.676687947028,1.66655955292632,26431.9482285641,24267.023271045,26730.291476064,24565.366518545,277073630.819756,254379744.873662,4521013.57351588,8564317.67987465,7862851.97901325,17340560.4555436,15920271.1986585,61117.3295002993,56111.4770815539,123785.453969689,113646.73031756,20478495.8496973,125074.895290934,51320662.1309974,71924232.8759856,66033234.3972825,98014013.7948738,89986115.7823533,95380.5588409752,26782.9086426503,0,0,0
"Cameroon","CMR","VE3",22338.0339167221,20243.1796824161,250.725896568598,1.40843434980986,22338.0339167221,20243.1796824161,22590.1682476405,20495.3140133345,234159060.435527,212199692.790048,3722510.97696483,7237832.68461009,6559070.86953362,14654766.430433,13280446.7555677,51651.1672719531,46807.3360346166,104612.934516253,94802.364362606,17306682.4623862,105702.660620379,43371857.4732974,60784242.596304,55083914.2479514,82833105.8131353,75065041.57345,80607.5337300765,22634.6358003779,0,0,0
"Central African Republic","CAF","VE1",2499.05170962261,2279.58000150542,33.4100970773808,0,2499.05170962261,2279.58000150542,2532.46180669999,2312.9900985828,1673241.9592097,1526294.51131693,350932.443283,512964.941938423,467915.337091126,490544.783278822,447464.161505518,0,0,0,0,557875.964081037,0,2644014.99353329,3201890.95761433,2920694.50418891,4205400.68283158,3836074.00278556,20407.0337293582,0,0,0,0
"Central African Republic","CAF","VE2",3490.21048256267,3203.04553218444,46.6610076910015,0,3490.21048256267,3203.04553218444,3536.87149025367,3249.70653987544,2336873.0640549,2144601.55469114,496149.111714166,716413.994415108,657469.414945097,685101.688041793,628733.399300047,0,0,0,0,779137.354504535,0,3692668.22729185,4471805.58179638,4103877.67761601,5873321.26425329,5390080.49186116,28500.748010121,0,0,0,0
"Central African Republic","CAF","VE3",2889.25260742178,2619.51577792967,38.626735782756,0,2889.25260742178,2619.51577792967,2927.87934320453,2658.14251371242,1934501.26497152,1753898.76710702,400859.51099981,593059.075290349,537691.858779263,567138.242353344,514190.960768081,0,0,0,0,644982.485809582,0,3056850.3983785,3701832.88418808,3356234.62707288,4862030.20183178,4408117.44662022,23593.3795148226,0,0,0,0
"Chad","TCD","VE1",12212.0552082303,11141.287252321,117.419733419134,0,12212.0552082303,11141.287252321,12329.4749416495,11258.7069857401,13287049.7465781,12122024.9530757,1481915.22751951,2581204.75843843,2354881.56419722,3683119.73144315,3360179.28293052,0,0,0,0,3019688.41242283,0,11005313.9801803,14025002.3926032,12795273.0073781,20289326.8824847,18510333.8545059,42785.870491282,6651.92996121658,0,0,0
"Chad","TCD","VE2",17037.3205186885,15638.8062554965,163.814984404304,0,17037.3205186885,15638.8062554965,17201.1355030928,15802.6212399008,18537070.2490474,17015448.5179396,2093177.84570098,3601098.42643367,3305501.03440237,5138405.47748359,4716617.71206343,0,0,0,0,4212837.10823255,0,15353767.9360284,19566605.044261,17960473.5984959,28306108.9481782,25982592.3449617,59691.5569739469,9280.26125698598,0,0,0
"Chad","TCD","VE3",14189.7638943266,12864.2515996089,136.435535652457,0,14189.7638943266,12864.2515996089,14326.199429979,13000.6871352614,15438850.8356111,13996657.2408962,1700484.17995043,2999223.7555943,2719056.44680356,4279590.8217391,3879820.23409429,0,0,0,0,3508718.62893609,0,12787594.2500198,16296312.8789558,14774020.9479211,23575127.4562892,21372897.628819,49714.9243049076,7729.19168655953,0,0,0
"Comoros","COM","VE1",12.8739912146516,11.7484606930089,0.133044337755551,0.000714111509619298,12.8739912146516,11.7484606930089,13.0077496639168,11.8822191422741,109270.208004163,99717.0747011847,7369.46309210826,2596.02497919213,2369.06309143643,3257.70390145745,2972.89361143705,17.4077209779284,15.8858214406193,21.8763116956307,19.9637380342179,6787.09774033617,39.5997044238416,10269.6659727691,17096.3634175291,15601.6848431313,22989.3763308523,20979.4911054796,26.2031907802684,1.27330083075473,0,0,0
"Comoros","COM","VE2",17.9182908225428,16.4538929026705,0.185173898012566,0.000993915367483022,17.9182908225428,16.4538929026705,18.1044586359229,16.6400607160505,152084.565898262,139655.237445466,10386.8430461962,3613.2019809685,3317.9078863804,4534.14057433987,4163.58145733309,24.2284309379685,22.248327800972,30.447909164393,27.9595102826925,9446.42489843874,55.1156986611576,14293.5363619811,23795.076959081,21850.3902952033,31997.0958544918,29382.0874770005,36.4701501695197,1.77220678573113,0,0,0
"Comoros","COM","VE3",15.2063787124512,13.7804271469433,0.157148047697571,0.000843487452891286,15.2063787124512,13.7804271469433,15.3643702476017,13.9384186820938,129066.746838275,116963.738410742,8584.79496041153,3066.34813729342,2778.80670422458,3847.90376446846,3487.07331952006,20.5614865893182,18.6333691495493,25.8396541467881,23.4165857766294,8016.71966969465,46.7740028969998,12130.2265496789,20193.7202222706,18300.0894302926,27154.3732647686,24608.0194089635,30.9504361029777,1.5039853860782,0,0,0
"Congo","COG","VE1",3461.38438627504,3157.49854544716,38.0151461059529,0.0686293448231603,3461.38438627504,3157.49854544716,3499.46816172581,3195.58232089794,29408085.1012594,26826256.6560946,1003416.6897172,5255897.58349666,4794465.77522965,1666445.53656396,1520143.03254834,12156.3882938805,11089.1406652254,3852.7252604408,3514.48237129789,3412490.70666748,6688.0942871297,6576227.36120937,9995406.16216398,9117877.96331691,16933758.3957789,15447090.3941314,3486.40398926491,0,0,0,0
"Congo","COG","VE2",4829.82979220241,4432.77132540993,53.0442923200007,0.0957617003071251,4829.82979220241,4432.77132540993,4882.96984622272,4485.91137943023,41034461.8519927,37661034.3794736,1417485.20904509,7333797.08829593,6730888.42423757,2325268.56349546,2134109.12094267,16962.3710617557,15567.9010003429,5375.88582124297,4933.93629637973,4761606.17873858,9332.20741652444,9176114.31871233,13947052.7048674,12800470.8165762,23628456.6135418,21685970.1990532,4864.74080190961,0,0,0,0
"Congo","COG","VE3",4054.63766911195,3674.32030144927,44.5306346238726,0.0803918593467498,4054.63766911195,3674.32030144927,4099.24869559517,3718.93132793249,34448392.9900472,31217198.6858091,1160082.82899716,6156715.91157015,5579227.56858633,1952060.82077092,1768961.196721,14239.8949079916,12904.2196173344,4513.05120334623,4089.73551058806,3997364.00834651,7834.37954440861,7703339.53233631,11708537.9202272,10610299.1417238,19836067.5986796,17975481.8621591,4083.94542965747,0,0,0,0
"Côte d'Ivoire","CIV","VE1",27525.5387940419,25114.3027185546,279.706687626055,0,27525.5387940419,25114.3027185546,27805.245481668,25394.0094061807,439289081.346092,400807375.740436,11243140.0720392,14835891.5482813,13536268.0538639,7071224.31481178,6451785.35329624,0,0,0,0,25969304.926777,0,53205735.279011,79175040.205788,72239309.9136101,101082156.068881,92227363.3207702,2934.24637364105,0,0,0,0
"Côte d'Ivoire","CIV","VE2",38392.4852353998,35244.809387836,390.133503117852,0,38392.4852353998,35244.809387836,38782.6187385177,35634.9428909538,612718235.811711,562483446.883587,15877506.8073815,20693028.0814221,18996473.5524437,9862908.6658015,9054280.64384042,0,0,0,0,36221857.9420031,0,74211096.1540987,110432954.096102,101378912.91455,140988890.843325,129429667.110834,4092.67231497114,0,0,0,0
"Côte d'Ivoire","CIV","VE3",32216.8895106975,29201.3833240723,327.378857797412,0,32216.8895106975,29201.3833240723,32544.2683684949,29528.7621818697,514159882.677619,466034432.620932,12988075.2206743,17364465.8649562,15739148.9880482,8276417.55390308,7501743.5020024,0,0,0,0,30395416.9164778,0,62273923.4150922,92669340.33157,83995474.749744,118310223.750429,107236367.239795,3434.34843997389,0,0,0,0
"Democratic Republic of the Congo","COD","VE1",81499.239310189,74348.1172716257,923.490323933385,0.913933458662994,81499.239310189,74348.1172716257,82423.643567581,75272.5215290178,53678753.3139543,48968730.0171108,5956844.29632153,7799679.97128112,7115299.80027017,5010799.98974103,4571129.11010142,8966.1286252682,8179.39882808919,5758.56644237959,5253.28305881452,17814644.0242678,19169.2644365521,70410252.45784,88244065.7465444,80501121.2887346,101069270.402634,92200982.8809931,596381.917785741,0,0,0,0
"Democratic Republic of the Congo","COD","VE2",113744.537638997,104398.654731535,1288.87067902679,1.27553262543685,113744.537638997,104398.654731535,115034.683850649,105688.800943187,74916833.9289049,68761250.7929525,8416722.3159026,10885635.2473292,9991211.00062152,6993330.64772948,6418719.76334328,12513.5910902349,11485.4049504102,8036.95203778449,7376.59142410463,24863035.1018544,26753.6131462112,98268176.2265332,123157964.941534,113038622.568206,141057481.37972,129467415.328545,832341.333108819,0,0,0,0
"Democratic Republic of the Congo","COD","VE3",96044.116174373,87019.339662006,1088.30232905841,1.07703988432811,96044.116174373,87019.339662006,97133.4955433157,88108.7190309487,63258607.8473544,57314518.5991453,6925240.68674043,9191660.87469236,8327967.30890472,5905059.48785056,5350191.11805548,10566.2814353651,9573.42177545827,6786.27713670704,6148.60523186516,20993959.6339026,22590.3342915167,82976117.6198153,103992667.588009,94221006.1756357,119106740.509124,107914886.629603,702816.059154899,0,0,0,0
"Equatorial Guinea","GNQ","VE1",665.849702623721,607.355274787783,7.49865981512258,0,665.849702623721,607.355274787783,673.348362438843,614.853934602905,26143818.1612094,23847102.1324107,1518539.40457384,3080525.53670089,2809903.53598019,10602356.2649876,9670946.72768596,0,0,0,0,1505034.70140865,0,3890160.33282737,5395195.03423602,4921230.94692415,19078076.8359246,17402081.2105903,6323.33497641532,610.015844783596,0,0,0
"Equatorial Guinea","GNQ","VE2",929.389861372471,852.923983168722,10.466593855332,0,929.389861372471,852.923983168722,939.856455227803,863.390577024054,36491417.5689352,33489073.3350657,2145820.05246204,4299782.95436247,3946016.79727818,14798718.6605486,13581148.8701939,0,0,0,0,2100720.30818853,0,5429867.36826142,7530587.67644995,6911005.92286839,26629089.2913611,24438171.5903405,8826.08101195384,851.457227035547,0,0,0
"Equatorial Guinea","GNQ","VE3",793.93557812702,718.939363138501,8.94113610329502,0,793.93557812702,718.939363138501,802.876714230315,727.880499241796,31172961.8628323,28228322.2546551,1784682.35472018,3673109.43187097,3326142.60960207,12641873.7105128,11447705.4369509,0,0,0,0,1794550.017903,0,4638489.25768082,6433039.27558382,5825365.7944691,22748022.4179676,20599213.8410221,7539.7204360218,727.361265592691,0,0,0
"Eritrea","ERI","VE1",733.029365983801,669.642642722604,8.2325663332913,0.00232569958051497,733.029365983801,669.642642722604,741.264258016673,677.877534755475,1180187.68451313,1078134.16029435,102905.091666469,73335.1351707264,66993.6785605255,71818.7163271652,65608.3879173412,24.5690305040949,22.44449032927,24.0421805321994,21.9631982775868,77931.3697100507,23.8897343493376,625580.882638093,703536.142082493,642699.765244325,848738.60479142,775346.239410799,3197.52436850936,953.503410660888,0,0,0
"Eritrea","ERI","VE2",1017.09600540145,935.089298539594,11.4228852490175,0.00322696451584978,1017.09600540145,935.089298539594,1028.52211761498,946.515410753127,1637539.00627334,1505507.04414868,144633.668410392,101754.276839394,93550.0039798081,99650.2089536118,91615.5834797306,34.0901250917326,31.3414967612357,33.3591079910171,30.6694203158478,108131.663621928,33.1475852187755,868008.631458805,976173.442665952,897466.251865969,1177645.37769204,1082693.85024259,4436.64253207629,1323.00908411529,0,0,0
"Eritrea","ERI","VE3",865.544684781194,785.110778671487,9.72083024576446,0.00274613406191569,865.544684781194,785.110778671487,875.26826116102,794.834355051313,1393539.22881875,1264039.4982308,119810.366639151,86592.4878323842,78545.5641338386,84801.9343691066,76921.4044012165,29.0105618545114,26.3146492697262,28.3884691880883,25.7503668400273,92019.6188043892,28.2084641440693,738671.918199924,830719.745468458,753522.0742386,1002171.56670099,909041.107789764,3775.56527753457,1125.87550692547,0,0,0
"Eswatini","SWZ","VE1",0.107101672371066,0.0978782369672346,0.00134410957675675,1.4451842492027e-07,0.107101672371066,0.0978782369672346,0.108445926466248,0.0992224910624163,3290.81178014181,3007.41200487831,216.873522309101,291.050057043868,265.985262620071,33.8549708932879,30.9394315723801,0.0404098752172706,0.036929837366395,0.0046987550668503,0.00429410532723309,187.068818302406,0.0218274551426074,231.746105278419,418.836751035968,382.767158167738,743.786887603408,679.733076302883,0.00438939604862226,0,0,0,0
"Eswatini","SWZ","VE2",0.148271999767312,0.136387867335591,0.00186079087693087,2.00071907298615e-07,0.148271999767312,0.136387867335591,0.15013299071615,0.138248858284429,4555.81348729035,4190.6609911876,304.207746796132,402.930907005547,370.635637047617,46.8689622233018,43.1123732862593,0.0559435989762465,0.0514596698461061,0.00650497601722697,0.00598359641369283,258.978848506748,0.0302180194965846,320.830270034141,579.839336560386,533.364698897043,1029.70165436423,947.170152497179,0.00607669810836477,0,0,0,0
"Eswatini","SWZ","VE3",0.131625646424873,0.119247236163965,0.0016518816932523,1.77610028670047e-07,0.131625646424873,0.119247236163965,0.133277705728154,0.120899295467246,4044.33673381904,3663.99703039317,261.969015629129,357.694245591863,324.055769807211,41.6070293756509,37.6941986064327,0.0496628654778938,0.0449924434111079,0.0057746686804622,0.00523160416386453,229.903544826844,0.0268254718096426,284.81096735852,514.741337657174,466.333754265695,914.098050158846,828.133946726914,0.00539447311628321,0,0,0,0
"Ethiopia","ETH","VE1",9649.57952458382,8806.01703926948,98.1745119312683,0.294266408586483,9649.57952458382,8806.01703926948,9748.04830292367,8904.48581760933,53147223.8150514,48501114.200144,2711449.42159584,2223379.98777205,2029012.9748359,1306409.62211568,1192203.80155502,8304.56174279382,7578.58018832814,4879.25415871764,4452.71165972873,3761239.35931354,12278.1892993153,7501779.56341364,11275297.1120265,10289615.0281339,14818270.5378157,13522863.0963729,10922.2384184686,0,0,0,0
"Ethiopia","ETH","VE2",13432.0368429034,12334.3531226757,136.657111114044,0.409613417008755,13432.0368429034,12334.3531226757,13569.1035674344,12471.4198472067,73979955.9724951,67934216.6520975,3822063.637489,3094903.96295959,2841984.33985687,1818498.11501896,1669888.05688205,11559.7968812204,10615.1150735347,6791.8318574209,6236.79442358943,5235575.863235,17091.0132003559,10442338.8839274,15695005.7603628,14412389.2433352,20626759.46708,18941113.5495713,15203.5545662984,0,0,0,0
"Ethiopia","ETH","VE3",11294.3731035032,10238.9660541216,114.90858893708,0.34442481166525,11294.3731035032,10238.9660541216,11409.6261172519,10354.2190678704,62206293.4092942,56393402.3370398,3132148.94931239,2602360.34832231,2359181.78219203,1529090.2220755,1386203.79670867,9720.09386991783,8811.79595050703,5710.93453294829,5177.27405357556,4402351.47525772,14371.0356113044,8780475.57549746,13197198.0863665,11963980.822797,17344079.6851672,15723355.4717018,12783.9597061533,0,0,0,0
"Gabon","GAB","VE1",1196.08303340475,1092.62114967939,12.7139434082176,0,1196.08303340475,1092.62114967939,1208.79697681297,1105.33509308761,48285654.3693641,44108916.9536137,3145048.41429603,7926073.94568267,7240463.90184444,2203583.9279757,2012972.62611123,0,0,0,0,3096776.04602795,0,6651227.82506178,9748003.87108973,8904795.82039605,19877661.7447481,18158232.3483517,25.4060660174904,0,0,0,0
"Gabon","GAB","VE2",1658.71557966843,1525.03860795657,17.6315652185136,0,1658.71557966843,1525.03860795657,1676.34714488694,1542.67017317508,66962046.0621036,61565531.0435362,4418673.80629405,10991797.3686857,10105961.2410657,3055907.39970256,2809629.82684358,0,0,0,0,4294576.9907534,0,9223853.95431055,13518430.945064,12428971.7676242,27566135.7134522,25344562.8355335,35.2328695787424,0,0,0,0
"Gabon","GAB","VE3",1420.86256590927,1288.46479379518,15.1032710516782,0,1420.86256590927,1288.46479379518,1435.96583696095,1303.56806484686,57359963.1863072,52015089.2226854,3682072.92608498,9415618.68994287,8538259.42414614,2617702.8071265,2373781.94663247,0,0,0,0,3678752.25709073,0,7901191.113014,11579943.3701047,10500909.5914732,23613264.8671741,21412950.9622518,30.1806205280869,0,0,0,0
"Gambia","GMB","VE1",1593.30491057942,1453.72204079561,7.79656328875406,0.0165659522447913,1593.30491057942,1453.72204079561,1601.11803982042,1461.53517003661,2830395.18529704,2582435.94035731,711850.978373182,476330.386280864,434601.046315338,122089.158041825,111393.430603962,1283.94883516053,1171.46737484663,329.143470282931,300.308568785022,303224.376233954,700.275423599917,1319134.39437553,1623059.04603308,1480869.53919758,2223091.68266121,2028335.79206052,44.3932075530884,0,0,0,0
"Gambia","GMB","VE2",2221.07488048087,2039.00351087072,10.8684475643984,0.0230930188928943,2221.07488048087,2039.00351087072,2231.96642106416,2049.89505145401,3945584.80687234,3622147.70170607,1004778.72806852,664006.90084702,609575.306968639,170192.88668805,156241.420103326,1789.83099007751,1643.11059690303,458.827616149044,421.215479241201,422696.271586709,976.187384127408,1838879.83264945,2262552.29162029,2077080.83445775,3099000.73776158,2844961.88760586,61.884349634171,0,0,0,0
"Gambia","GMB","VE3",1882.91825576302,1706.03087824098,9.21373633579535,0.0195771278295204,1882.91825576302,1706.03087824098,1892.15156922664,1715.2641917046,3344873.11878142,3030645.01444693,829644.284316249,562912.45583165,510030.655051509,144281.174922187,130726.938789168,1517.33085433738,1374.78792936677,388.971530085566,352.430297519052,358341.149777562,827.563745271429,1558912.05536504,1918080.76888787,1737890.11215299,2627180.70202613,2380374.92422055,52.4625138468876,0,0,0,0
"Ghana","GHA","VE1",18258.5797688129,16661.8908663542,194.411904054156,0.153315424677414,18258.5797688129,16661.8908663542,18453.1449882918,16856.456085833,286483362.729574,261430767.631751,13112478.399693,9199736.27256033,8395231.3768929,3445455.82796517,3144155.22550427,9143.24543627268,8343.68059029877,3424.44688563979,3124.98348768702,18261540.5376495,15623.0151865144,33626293.8178511,51903457.3706871,47364567.9591146,64561217.1635346,58915423.2255898,15514.2711711153,0,0,0,0
"Ghana","GHA","VE2",25428.3218989015,23349.1576915707,270.75317685505,0.213519015176806,25428.3218989015,23349.1576915707,25699.2885947718,23620.1243874409,398979069.478907,366356271.795567,18491953.5114404,12812270.0826513,11764666.0183165,4798410.44546045,4406065.11925492,12733.5965391639,11692.4252711549,4769.15175420574,4379.19878498908,25432445.2964494,21757.8291534306,46830598.7811752,72284801.906778,66374385.4248683,89912985.1831831,82561188.1864959,21606.3837582707,0,0,0,0
"Ghana","GHA","VE3",21371.4616788871,19373.7928748604,227.556940902365,0.179453975323553,21371.4616788871,19373.7928748604,21599.1980737648,19601.5292697381,335325544.797939,303981437.871556,15147506.3819419,10768187.5422052,9761645.61015644,4032867.18496197,3655900.31731245,10702.0656554968,9701.70437839459,4008.27645493226,3633.60817289128,21374927.2254156,18286.5630621265,39359197.639167,60752411.4276447,55073661.0032739,75568176.4969223,68504542.243294,18159.2794186375,0,0,0,0
"Guinea","GIN","VE1",8897.55320384525,8118.32255231011,103.312259414386,0.0496635861023446,8897.55320384525,8118.32255231011,9000.91512684574,8221.6844753106,56720337.3162441,51752878.9162057,2413269.93652969,1778245.99539409,1622510.62030447,2040659.23954655,1861942.21562296,1059.96834931842,967.138353416956,1217.05764279785,1110.4700677392,4873744.3274998,2548.9484711623,7912219.8446046,12788513.1205756,11668519.6591366,16609695.3815083,15155050.1034852,14211.0130696766,0,0,0,0
"Guinea","GIN","VE2",12410.4240304308,11393.2068165396,144.101295884389,0.0692714219607633,12410.4240304308,11393.2068165396,12554.5945977371,11537.3773838459,79114271.2065426,72629690.3140266,3408019.02095713,2480320.86211282,2277022.00054869,2846338.30044919,2613038.91368567,1478.45777063658,1357.2763597021,1697.56797970821,1558.42725683882,6797962.57852547,3555.30679436358,11036068.1238855,17837586.0092054,16375532.8595034,23167421.1975177,21268509.4773543,19821.7076151297,0,0,0,0
"Guinea","GIN","VE3",10417.9334728615,9442.87669414616,120.965867902305,0.0581499120246172,10417.9334728615,9442.87669414616,10538.9574906758,9563.90071196049,66412494.2195928,60196678.6887207,2788790.50462791,2082105.95137455,1887233.18441172,2389359.37906933,2165729.51375895,1241.09173539595,1124.93291054285,1425.02385372936,1291.65007360018,5706551.34106821,2984.50315383836,9264230.07261386,14973765.9168359,13572310.2444475,19447897.3628689,17627689.5256023,16639.3372818353,0,0,0,0
"Guinea-Bissau","GNB","VE1",1213.79241773314,1107.77161127757,5.81299378246795,0.0150336073606405,1213.79241773314,1107.77161127757,1219.62044512297,1113.5996386674,2041797.83499478,1863453.457552,97161.5075523601,101787.826171966,92896.9917422488,152466.084046447,139148.669180802,327.32868590556,298.737593434772,490.572455892175,447.72255286204,198488.321787612,557.238547712831,1103314.28862748,1302359.8489628,1188602.96643073,1557431.66032301,1421395.08750008,1864.17931793208,357.069172837736,0,0,0
"Guinea-Bissau","GNB","VE2",1690.21649676105,1552.20358404156,8.0946443915395,0.0209344289810594,1690.21649676105,1552.20358404156,1698.33207558157,1560.31916286208,2843221.24058441,2611060.89563988,137014.196361272,141740.433085427,130166.761867729,212310.347870799,194974.361879485,455.80804155454,418.589498500169,683.126410819148,627.346417017507,276396.714132051,775.959523403834,1536374.74127008,1813547.41492554,1665464.04124624,2168737.13033414,1991651.10090897,2595.88591101439,497.221928229125,0,0,0
"Guinea-Bissau","GNB","VE3",1405.10257577339,1274.44168486036,6.72920049373397,0.0174031079095485,1405.10257577339,1274.44168486036,1411.84917937503,1281.188288462,2363612.88408579,2143819.84510557,111095.060260158,117830.968991971,106873.833441093,176496.808088353,160084.319359239,378.920129151391,343.684237826837,567.893332753641,515.084769108158,229772.775089149,645.066905405289,1277211.59416477,1507629.43615932,1367434.54313746,1802904.02670155,1635251.46494473,2157.99927818112,413.348120447628,0,0,0
"Kenya","KEN","VE1",13969.3745624409,12742.0812382558,107.249880965941,0.252028717112013,13969.3745624409,12742.0812382558,14076.876472124,12849.5831479389,187910140.437964,171401107.776884,11490279.0441707,5172587.21812847,4718144.41303376,1526549.18571566,1392432.68563224,15350.9805677595,14002.3048710564,4527.70265709542,4129.9168278079,8336626.5193899,21243.3411954063,25616357.682328,33974227.5429133,30989387.9231159,40693242.6299823,37118097.2434807,2638.14434665081,0,0,0,0
"Kenya","KEN","VE2",19487.6538714978,17884.4076056044,149.61647342774,0.351586850420765,19487.6538714978,17884.4076056044,19637.621931776,18034.3756658826,262139708.505298,240573515.284974,16228595.0476524,7215898.52691358,6622247.67265346,2129577.2417062,1954377.25184541,21415.0314715532,19653.2201490022,6316.26719006946,5796.62886656276,11629818.5963619,29635.033296571,35735509.1117597,47394962.7414182,43495786.4968897,56768169.8086996,52097861.2704042,3680.28243933038,0,0,0,0
"Kenya","KEN","VE3",16293.0112049308,14766.3429631231,125.089602579905,0.293950648507263,16293.0112049308,14766.3429631231,16418.3947581593,14891.7265163515,219166721.458495,198630623.551034,13231306.2236047,6032984.59259891,5467689.08859477,1780472.19484087,1613640.51952337,17904.4306729132,16226.7711321333,5280.83127808699,4786.01314402956,9723323.59509797,24776.9142834441,29877329.216288,39625429.7256694,35912495.1201952,47462071.7750601,43014837.5125895,3076.96777748194,0,0,0,0
"Liberia","LBR","VE1",4580.83031783874,4179.48225927401,49.8345874738493,0.546751558769176,4580.83031783874,4179.48225927401,4631.21165687136,4229.86359830663,4425730.04372028,4037971.0486181,940539.705924369,736319.067420349,671806.69571286,241082.551150642,219960.176571224,9623.18928021264,8780.05647091083,3154.72605339254,2878.32568730563,1079880.24650618,12894.4417043322,3811035.68999556,4903810.37820608,4474164.51963798,5893989.91211067,5377589.77408028,1333.30319968529,0,0,0,0
"Liberia","LBR","VE2",6390.50629467231,5866.423101488,69.5219475176471,0.762748025031587,6390.50629467231,5866.423101488,6460.79099021498,5936.70779703068,6174133.01531297,5667794.51933067,1328441.7256916,1027204.96258352,942964.241735727,336323.210808366,308741.461548626,13424.8700351417,12323.9011241233,4401.01363799991,4040.08804395527,1506491.40744553,17988.4442689197,5316601.11296767,6841080.96468212,6280046.29990259,8222435.02174714,7548115.99235502,1860.03014717987,0,0,0,0
"Liberia","LBR","VE3",5406.6174661479,4898.90140443371,58.8182779888495,0.645314565740062,5406.6174661479,4898.90140443371,5466.08105870249,4958.3649969883,5223557.23626171,4733031.70440398,1094944.54058271,869055.445051029,787445.564060696,284542.548270927,257822.177742999,11357.9634329246,10291.377809036,3723.4291160628,3373.77523751195,1274550.46290889,15218.9251506178,4498051.81506144,5787821.20312095,5244307.6652105,6956500.58899189,6303240.56006074,1573.65801981735,0,0,0,0
"Madagascar","MDG","VE1",9057.74090350279,8263.97567131886,98.9733745184855,0,9057.74090350279,8263.97567131886,9156.71427802128,8362.94904583735,9612500.62305391,8770119.62869627,841792.295936263,2249866.32422015,2052701.74596016,1091234.10260082,995604.993748418,0,0,0,0,2360938.54384943,0,7503594.85825194,9864533.40210137,9000065.79039512,13205633.8289223,12048372.5301037,57893.7590409658,0,0,0,0
"Madagascar","MDG","VE2",12628.0338786966,11592.3703620606,137.98574499134,0,12628.0338786966,11592.3703620606,12766.019623688,11730.356107052,13401463.4355433,12302368.6054971,1188257.04755028,3136696.93883642,2879446.8701795,1521366.23955575,1396594.36098108,0,0,0,0,3291550.53504805,0,10461289.5303039,13752840.065352,12624927.7677897,18410903.2437441,16900968.9989503,80713.762771873,0,0,0,0
"Madagascar","MDG","VE3",10651.3067196015,9652.29052753647,116.386169609102,0,10651.3067196015,9652.29052753647,10767.6928892106,9768.67669714558,11303667.6108623,10243464.645137,976669.765792208,2645694.6111258,2397547.42831023,1283219.43114928,1162862.65019851,0,0,0,0,2776308.2257017,0,8823733.33332577,11600041.5590275,10512040.8421982,15528955.6013026,14072450.9207069,68079.2474928886,0,0,0,0
"Malawi","MWI","VE1",16733.5229160066,15260.9729518183,180.60040687227,0.331371726812759,16733.5229160066,15260.9729518183,16914.4546946057,15441.9047304174,18241139.9769672,16635919.7161372,3941376.35255642,4786112.44462279,4364934.56448919,786165.090940627,716982.565400631,10724.44355677,9780.69255737017,1761.97119109652,1606.91773179966,4456084.12130794,8866.21906782675,13717980.2788726,18182930.6192484,16582832.7817152,23767694.5695596,21676137.5218942,5840.4257010649,0,0,0,0
"Malawi","MWI","VE2",23375.4335370263,21447.5715069413,252.284759688256,0.462900598698902,23375.4335370263,21447.5715069413,23628.1811973132,21700.3191672283,25481457.6291833,23379903.6812444,5573440.22635747,6685827.83861949,6134421.86750272,1098211.65122583,1007637.90678419,14981.2157811114,13745.6572181797,2461.33708235663,2258.34113377672,6224803.87040279,12385.4203077853,19162954.3808907,25400143.6716012,23305295.9989103,33201625.71431,30463359.7715491,8158.62167748254,0,0,0,0
"Malawi","MWI","VE3",19786.2821987409,17920.421565,213.548015771621,0.391825112518866,19786.2821987409,17920.421565,20000.222039625,18134.3614058841,21568939.4888724,19534972.9912963,4596684.41209848,5659260.87050243,5125588.50253162,929588.134084453,841927.304851399,12680.9439771789,11485.1218450556,2083.41419724228,1886.9467408821,5269024.24361507,10483.7166323218,16220602.8196787,21500110.7799261,19472634.8790777,28103724.1426874,25453522.7550467,6905.9164446184,0,0,0,0
"Mali","MLI","VE1",28315.493346695,25830.5993982698,314.36609988258,0.117349175346067,28315.493346695,25830.5993982698,28629.9767957529,26145.0828473277,51736312.5735735,47196068.5293032,2714518.10335083,9303783.48614579,8487307.6790986,4811164.48816829,4388949.22336087,4353.49625521072,3971.44476253109,2250.74804252509,2053.22825638464,10595338.9466958,4316.53020456859,24083994.6628417,34683650.1397421,31639903.3370186,48805202.358354,44522184.912497,12766.5096344917,0,0,0,0
"Mali","MLI","VE2",39534.0557986126,36284.4947664918,438.917548840829,0.163842769371846,39534.0557986126,36284.4947664918,39973.1371902228,36723.576158102,72234173.816253,66296777.521361,3836838.8842453,12989930.670674,11922203.8294817,6717341.73947388,6165199.75669256,6078.34593468741,5578.72717081135,3142.4915544405,2884.18974621983,14793198.7620756,6026.73398179481,33626042.7178963,48425268.2139537,44444880.637236,68141761.4615907,62540747.1403272,17824.5845150508,0,0,0,0
"Mali","MLI","VE3",32871.1572582474,29799.4446855099,364.944286132607,0.136229418632978,32871.1572582474,29799.4446855099,33236.2377737986,30164.5252010611,60060139.0110082,54447696.3862756,3112364.09685625,10800664.0154649,9791373.85906513,5585230.05583918,5063306.80107309,5053.92783646929,4581.65320509483,2612.86963814001,2368.70468661902,12300017.1127841,5011.01433858331,27958855.1142608,40263883.2413835,36501342.2572579,56657444.1101622,51362973.2752879,14820.5062400331,0,0,0,0
"Mauritania","MRT","VE1",910.29912838881,830.472220298189,3.98921968349791,0,910.29912838881,830.472220298189,914.288348072308,834.461439981687,13375990.2457977,12203008.8480651,429569.611849706,238326.817832964,217427.211989822,117930.924815231,107589.202185078,0,0,0,0,344866.280181247,0,1591389.28287725,1936255.56305849,1766459.40479368,2292513.30570669,2091475.81896858,55.2475128829863,0,0,0,0
"Mauritania","MRT","VE2",1268.91169674438,1164.77554658959,5.56077377140068,0,1268.91169674438,1164.77554658959,1274.47247051578,1170.33632036099,18645464.934667,17115282.0692051,606309.851467138,332215.727077953,304951.681102544,164389.842019064,150898.812409722,0,0,0,0,480726.43715396,0,2218317.4872316,2699043.92438556,2477540.69125648,3195649.49348258,2933391.18476875,77.0122843436513,0,0,0,0
"Mauritania","MRT","VE3",1084.62250550859,982.338955749441,4.75316004728901,0,1084.62250550859,982.338955749441,1089.37566555588,987.09211579673,15937508.4536596,14434547.8100462,504468.346642717,283966.689878529,257187.676068085,140514.838651376,127263.816827559,0,0,0,0,410908.587309827,0,1896142.24314252,2307050.83045235,2089488.17873251,2731532.35898226,2473939.67162815,65.827477998714,0,0,0,0
"Mozambique","MOZ","VE1",26715.5809899729,24371.006891396,328.585212189265,0.265318005269127,26715.5809899729,24371.006891396,27044.4315201674,24699.8574215905,24592872.735881,22434588.6825495,5107661.63986165,9606701.93844843,8763612.48641335,935297.457690284,853215.237783161,9577.52663984196,8736.99762807792,932.231854009001,850.418673169018,6857064.29590774,6018.7520047463,24881296.8018585,31744379.849771,28958475.5941572,42296889.0044035,38584890.7346549,15164.3094213684,0,0,0,0
"Mozambique","MOZ","VE2",37293.921606204,34228.7670892379,458.692294543162,0.370373711615518,37293.921606204,34228.7670892379,37752.9842744588,34687.8297574927,34330702.6797409,31509092.5122566,7218307.02828428,13410585.7222844,12308381.512283,1305639.21026741,1198329.87538069,13369.8581296681,12271.0012845749,1301.35974565804,1194.40213619232,9572197.52758756,8401.94587257672,34733331.5617384,44313931.0351986,40671808.1361557,59044827.1856257,54191984.9272402,21168.7916120932,0,0,0,0
"Mozambique","MOZ","VE3",31356.9671642085,28414.5026522889,385.67140700142,0.311412579139487,31356.9671642085,28414.5026522889,31742.949983789,28800.4854718695,28865473.7900708,26156805.1933204,5916057.84886788,11275706.0141544,10217620.1151023,1097789.77595769,994775.749110393,11241.4619945033,10186.589474221,1094.19157481774,991.515194755787,8048364.73705539,7064.40968112125,29204006.7222058,37259435.8689423,33763097.4888823,49645267.3126236,44986671.4577639,17798.8550116958,0,0,0,0
"Namibia","NAM","VE1",51.679730036518,47.1766785259902,0.565075117361082,0.000243805537986012,51.679730036518,47.1766785259902,52.2450489594171,47.7419974488893,1557015.9812649,1421347.25464043,184841.89213628,176431.271785047,161058.143783902,14721.2031037496,13438.4886656849,97.4410559991496,88.9506460435568,8.12802823382093,7.41980220806466,86347.5589366894,40.4719037175445,292712.169513353,379100.20035376,346067.757486158,570358.24432679,520660.760383997,0,0,0,0,0
"Namibia","NAM","VE2",71.8205081509828,65.9778426516794,0.7852978729508,0.000338822157464948,71.8205081509828,65.9778426516794,72.606144846091,66.7634793467876,2163820.8809262,1987792.02881779,260175.738766912,245190.591831117,225244.107901571,20458.3941664947,18794.084669875,135.416074187736,124.399849921479,11.2957075744408,10.3767912003508,119999.186451784,56.244734420589,406788.826907,526844.258093205,483984.985031585,792639.955872579,728157.954244152,0,0,0,0,0
"Namibia","NAM","VE3",60.3986611683767,54.772664229232,0.660409420174136,0.000284938177296699,60.3986611683767,54.772664229232,61.0593555267282,55.4333585875835,1819701.46941005,1650200.44572812,213211.930866141,206197.141442514,186990.350030665,17204.8297780569,15602.2392934762,113.880419286687,103.272719083708,9.49931477805039,8.61447536552935,100915.32891616,47.2999529554012,342095.888151986,443058.517021101,401788.631026876,666583.867975736,604493.107545467,0,0,0,0,0
"Niger","NER","VE1",37337.3129126385,34043.3245703274,416.10617991613,0,37337.3129126385,34043.3245703274,37753.4190925546,34459.4307502435,31595296.0481301,28807882.3663282,6135687.1516467,5268987.01284784,4804144.1936359,3896525.13552577,3552764.23334259,0,0,0,0,9613529.37445779,0,31631741.6242659,41245270.9987237,37606513.1115896,50410783.1470973,45963421.5385681,129583.689978159,0,0,0,0
"Niger","NER","VE2",52236.0865062513,47912.7065416834,582.145760214236,0,52236.0865062513,47912.7065416834,52818.2322664656,48494.8523018977,44202822.5604336,40544324.9543341,8688176.69718616,7371480.16107688,6761371.10105388,5451362.40868072,5000174.10967849,0,0,0,0,13449632.8969775,0,44253811.0788697,57703443.9758472,52927551.8626069,70526286.5456048,64689097.0733393,181291.697539571,0,0,0,0
"Niger","NER","VE3",43412.5933865363,39335.8133853426,483.812223889555,0,43412.5933865363,39335.8133853426,43896.4056104258,39819.6256092322,36736273.536182,33286451.869524,7045992.10212669,6126321.71155187,5551012.47784277,4530541.91994997,4105088.81399594,0,0,0,0,11177779.2558175,0,36778649.2952845,47956428.551102,43452947.1049455,58613292.1826039,53109048.3967842,150668.690478917,0,0,0,0
"Nigeria","NGA","VE1",158365.376510828,144487.453054165,1763.93331454441,11.7030011007494,158365.376510828,144487.453054165,160141.012826473,146263.089369811,2246719581.11407,2049834358.71096,30381852.5029563,41012257.9650517,37418259.141799,130749184.929415,119291332.080201,340583.00802212,310736.932951236,1088934.94111803,993509.058926616,144064155.568533,1035462.8436255,301476530.587057,446576148.999215,407441650.348504,619767109.842822,565455487.562382,911785.987793543,370806.974298526,0,0,0
"Nigeria","NGA","VE2",220906.946040338,202787.053593853,2460.54491278384,16.3247440168621,220906.946040338,202787.053593853,223383.815697138,205263.923250653,3133992872.73503,2876927104.54665,42908101.2395479,57208796.8777608,52516245.2627086,182384582.895527,167424487.32044,475085.86682932,436116.948177842,1518976.54385681,1394382.49148874,200957894.596037,1444387.27431001,420535480.30601,622937762.176357,571841291.676834,864525204.36033,793612523.69965,1271868.02092484,517245.865652613,0,0,0
"Nigeria","NGA","VE3",186180.474304911,168719.598867281,2073.74836836041,13.758501660743,186180.474304911,168719.598867281,188267.981174932,170807.105737303,2641330614.4184,2393614278.85667,35241569.6895317,48215599.9529771,43693715.5390899,153713809.176431,139297809.404738,400402.584016943,362850.957453918,1280194.12002398,1160131.5294157,169367404.700686,1217330.24982343,354427493.516296,525012228.466805,475774126.787689,728622234.300254,660288634.218386,1071930.94483229,435935.05014493,0,0,0
"Rwanda","RWA","VE1",10328.6675708411,9433.7871881051,104.981464932517,0.866556726443759,10328.6675708411,9433.7871881051,10434.5155925001,9539.63520976406,19498860.9781881,17809470.9329186,2871670.0587254,4226103.99191934,3859952.44992883,475581.559722426,434376.960458522,43325.315638249,39571.5908935425,4874.83006471315,4452.47260532517,4134629.00440435,37015.6088146837,8034701.86830906,12206346.4815281,11148783.1572872,16956232.1788728,15487136.6311734,358.312627820437,0,0,0,0
"Rwanda","RWA","VE2",14340.9216006414,13182.1567813351,145.76235974212,1.20317765977111,14340.9216006414,13182.1567813351,14487.8871380433,13329.122318737,27073350.4270609,24885789.0632064,4038849.31355452,5867768.09386049,5393644.9221175,660325.043468763,606969.934851177,60155.3831246575,55294.7511793836,6768.49702974882,6221.59380720408,5740758.91137158,51394.6199130272,11155846.4620586,16947999.9933432,15578579.9032835,23543017.0108269,21640711.1052387,497.50205133906,0,0,0,0
"Rwanda","RWA","VE3",12316.8187664038,11166.0516388722,125.189204564563,1.03335905403206,12316.8187664038,11166.0516388722,12443.0413300224,11292.2742024908,23252170.2506579,21079707.240874,3374078.93620036,5039581.01075834,4568730.19499966,567125.608368066,514138.751967169,51664.9468146354,46837.8625189631,5813.17948440847,5270.05093928891,4930498.12710915,44140.6930924617,9581290.72073428,14555929.5409359,13195961.0666035,20220114.2863613,18330937.9270286,427.283739002051,0,0,0,0
"Sao Tome and Principe","STP","VE1",6.35851186071495,5.80179768673004,0.0638108143739737,1.17835012099903e-05,6.35851186071495,5.80179768673004,6.42233445859014,5.86562028460522,9123.70315633346,8324.88497723352,4556.98227405999,4053.80398087074,3698.87657267472,535.777362961162,488.867825227407,0.945942239066019,0.863121059551877,0.125058853186061,0.114109430164438,5384.848690866,1.08011000593928,10997.2244737041,16383.153274576,14948.7400278422,20973.8056195002,19137.461656234,0.0762490535021272,0,0,0,0
"Sao Tome and Principe","STP","VE2",8.85864339991238,8.13299793831624,0.0889008720876203,1.64167084230308e-05,8.85864339991238,8.13299793831624,8.94756068870843,8.22191522711228,12711.0925510683,11669.8782019612,6428.35014795123,5647.73718541767,5185.10936850761,746.442045589688,685.298114371951,1.31788147232587,1.20992874569005,0.174231299499809,0.159959345427102,7502.14128082216,1.50480325977051,15321.272042163,22824.9181262449,20955.2415288353,29220.5894700241,26827.018899806,0.106229757740868,0,0,0,0
"Sao Tome and Principe","STP","VE3",7.59009323993716,6.87476109667294,0.0761703432224666,1.40658498145323e-05,7.59009323993716,6.87476109667294,7.66627764900944,6.95094550574522,10890.8749668186,9864.45899460834,5360.65689612417,4838.98604976066,4382.93338310994,639.552182932568,579.277266764312,1.12916197238936,1.02274353611091,0.14928152639399,0.135212414085423,6427.84106437617,1.28931671970592,13127.2789867136,19556.4093678095,17713.3057608579,25036.2260440015,22676.6743666823,0.0910177472678377,0,0,0,0
"Senegal","SEN","VE1",5157.33413485771,4704.91733377718,30.5510059425104,0.000928286009821217,5157.33413485771,4704.91733377718,5187.88606908623,4735.4692680057,45987287.9875157,41953145.3127063,2904940.16442412,1217424.79263159,1110628.64255943,1091918.74689382,996132.363155242,46.9155071541605,42.7999383132168,42.0589998939897,38.3694584194368,1874163.59409747,61.9148173993826,9083287.33607484,10957512.8449897,9996286.99079832,13266945.3590222,12103129.1659097,1787.70239513159,0,0,0,0
"Senegal","SEN","VE2",7189.81150060482,6599.52558251962,42.5909914185864,0.00129411848345313,7189.81150060482,6599.52558251962,7232.40378614189,6642.11786805669,64110628.3611753,58847124.426752,4100490.79263823,1697205.28984603,1557864.17045625,1522237.99328445,1397261.74719865,65.4046536589193,60.0349098166987,58.6342232700978,53.8203340170499,2612761.28528923,86.3151105892444,12662961.5309986,15275809.1313984,14021660.1155496,18495376.4534058,16976899.8884484,2492.22619750437,0,0,0,0
"Senegal","SEN","VE3",6047.49047025361,5480.39140812469,35.8241123151681,0.00108850825858279,6047.49047025361,5480.39140812469,6083.31567107704,5516.21660894812,53924698.029088,48867948.3197166,3361502.36342586,1427552.42130402,1293684.72143025,1280384.0207871,1160316.93164908,55.0131279073561,49.8543114702743,49.318387057409,44.6935908409389,2197644.3989533,72.60132044956,10651063.5470012,12848780.547275,11643895.407943,15556821.320881,14097991.6089247,2096.25998927179,0,0,0,0
"Sierra Leone","SLE","VE1",22232.7864464577,20301.5319089804,108.23605781995,0,22232.7864464577,20301.5319089804,22341.0225042776,20409.7679668003,29544916.9413501,26978493.0232423,1882423.70820317,2189319.93483206,1999144.30982363,2316553.29830063,2115325.5268998,0,0,0,0,2572141.64173946,0,19598886.8626588,22171028.5043983,20245138.5803991,26676901.737531,24359608.4171225,25120.209569965,0,0,0,0
"Sierra Leone","SLE","VE2",30962.7407035055,28450.689352057,150.736166207484,0,30962.7407035055,28450.689352057,31113.476869713,28601.4255182645,41146061.6762853,37807822.9579993,2655042.26001947,3048981.0902682,2801612.90210642,3226174.06836833,2964429.96095683,0,0,0,0,3582122.05643512,0,27294610.7527845,30876732.8092196,28371659.4010076,37151887.9678561,34137702.2640709,34983.9430700989,0,0,0,0
"Sierra Leone","SLE","VE3",26004.3170908337,23587.4737684572,126.597031595212,0,26004.3170908337,23587.4737684572,26130.9141224289,23714.0708000524,34556864.4944918,31345146.7283975,2172694.15210369,2560712.30368549,2322719.49618081,2709529.31032287,2457705.43824951,0,0,0,0,3008475.20914265,0,22923607.4313644,25932082.6405071,23521952.7937549,31202324.2545154,28302377.7281852,29381.5575757326,0,0,0,0
"South Africa","ZAF","VE1",5.2004402517153,4.74808449655792,0.0115511376301085,7.30289847997723e-08,5.2004402517153,4.74808449655792,5.2119914623744,4.75963570721701,237775.025640205,217092.372619518,17202.4055326455,5800.49053874626,5295.93993323313,337.834148194508,308.447939753007,0.0473109604795289,0.0431956578860842,0.00275605062250512,0.00251631796522018,2363.87411202208,0.0162454588781759,28535.3131613831,30899.203518864,28211.4632766938,37037.5782728159,33815.8968616557,0.00229657411838492,0,0,0,0
"South Africa","ZAF","VE2",7.22177903543843,6.63564025273949,0.0160409041417343,1.01414335302168e-07,7.22177903543843,6.63564025273949,7.2378200409945,6.65168125829555,330194.8704733,303395.377095986,24198.772116707,8055.06052187791,7401.29039879726,469.145582065205,431.068479590746,0.0657000726861197,0.0603676801498066,0.00382728916069165,0.00351665619910748,3282.67909606036,0.0225598427573109,39626.5924390873,42909.2940949904,39426.6617292132,51433.5697262954,47259.0844919376,0.00318922053109104,0,0,0,0
"South Africa","ZAF","VE3",6.1303627364698,5.55824587111584,0.0136166671020006,8.60877436196055e-08,6.1303627364698,5.55824587111584,6.14397948965955,5.57186262430558,280293.030261635,254134.648327748,19998.6477443354,6837.71168032303,6199.5813867487,398.244335662835,361.078133472392,0.0557709222896341,0.0505660940258144,0.0032488768677723,0.0029456750297386,2786.57288010683,0.0191504086044971,33637.8867962842,36424.4788267997,33025.1598069694,43660.4938625847,39585.8728389595,0.00270723856355126,0,0,0,0
"South Sudan","SSD","VE1",9264.7849527152,8453.87236613442,77.3324998470548,0.131826745569195,9264.7849527152,8453.87236613442,9342.24927930783,8531.33669272704,14728317.8519072,13439202.3045707,935595.808308908,194137.992732819,177145.807523552,73116.9187440185,66717.2634898344,242.974240832589,221.707598259486,91.5097945217537,83.5002784291687,468683.191376353,870.372690377617,7800655.33020386,8270208.89427059,7546347.89585087,8537798.28978278,7790516.17474094,25398.3737689318,0,0,0,0
"South Sudan","SSD","VE2",12924.9196657025,11866.1110857603,107.883383497013,0.183906059878217,12924.9196657025,11866.1110857603,13032.9869552594,11974.1783753172,20546869.2493551,18863671.054329,1321489.49435647,270833.912814895,248647.21625935,102002.400033384,93646.3700445375,338.963349891452,311.195494273487,127.661543020702,117.203517704099,653840.604840926,1214.22107040436,10882372.769286,11537427.5951973,10592282.2755964,11910730.5329385,10935004.2609123,35432.2245231092,0,0,0,0
"South Sudan","SSD","VE3",10820.9819980018,9809.6618129157,90.3219656987517,0.153969557624903,10820.9819980018,9809.6618129157,10911.4579332581,9900.13774817208,17202219.27975,15594513.8433025,1078669.48768381,226747.165229601,205555.559407681,85398.2974798036,77417.0419866092,283.786391097729,257.26394557265,106.880606966547,96.8916322838911,547407.457651049,1016.56835665337,9110923.92662761,9659347.95263531,8756593.14155868,9971884.08234278,9039919.89853082,29664.5142585404,0,0,0,0
"Togo","TGO","VE1",6358.19630659189,5801.28434765116,70.1056254739848,0.489670446469095,6358.19630659189,5801.28434765116,6428.79160251234,5871.87964357161,12397169.6307192,11311306.3305869,1410509.41195333,742548.48275256,677508.947922617,1648487.84595562,1504097.4321791,6399.7107102548,5839.16252073022,14222.8668916284,12977.0914735027,2741317.68611985,20785.3997257141,5341620.09892173,8103723.1847673,7393921.20069467,10515382.0910774,9594343.83479063,28307.9589465493,9697.19008895634,0,0,0
"Togo","TGO","VE2",8865.67047807574,8138.94928049845,97.7530960262054,0.682781186976943,8865.67047807574,8138.94928049845,8964.10635528892,8237.38515771163,17286226.3929812,15869270.1484461,1991320.23077061,1035386.42794878,950515.546864834,2298599.99984639,2110183.19044992,8923.55686679696,8192.09070764695,19831.9216699839,18206.2941551884,3822407.81959858,28982.5126242512,7448188.34344715,11299578.67567,10373349.422326,14662320.5820019,13460446.5445036,39471.7344078869,13521.4591916291,0,0,0
"Togo","TGO","VE3",7473.12415753732,6772.60638328676,82.3988467870574,0.575535555413162,7473.12415753732,6772.60638328676,7556.09853987979,6855.58076562923,14571048.6724615,13205183.6915841,1635742.4703715,872756.476368577,790945.788977301,1937554.88993718,1755931.83505749,7521.91823024901,6816.82658374743,16716.8871535266,15149.8749730351,3222015.55846701,24430.1788312611,6278288.4133749,9524734.15067317,8631901.9928094,12359284.3223627,11200746.318401,33271.8402599033,11397.6200198285,0,0,0
"Uganda","UGA","VE1",57176.646690205,52194.3047239798,598.385294866119,4.51320955607089,57176.646690205,52194.3047239798,57779.5451946272,52797.203228402,93419302.4966263,85278795.1701594,9390292.73778032,19370355.6040038,17682433.3278087,8814586.65547962,8046488.35747209,181835.950416061,165990.864368341,82785.3489348795,75571.4785513702,23297947.1169249,190923.742225484,46001454.372873,69490325.2320235,63434975.9995639,97939888.7908579,89405460.0277644,82621.5604006259,0,0,0,0
"Uganda","UGA","VE2",79562.8454490494,73085.8857065606,832.669271291365,6.28025278107743,79562.8454490494,73085.8857065606,80401.7949731218,73924.835230633,129995478.167319,119412957.217456,13233148.3510629,26954372.0806996,24760101.8548747,12265734.9873462,11267220.2751499,253029.627610401,232431.28547671,115198.045076677,105820.136378667,32419721.5654757,265675.534935535,64012264.0372926,96697661.1377039,88825810.21474,136285995.878437,125191383.76662,114970.128915245,0,0,0,0
"Uganda","UGA","VE3",66755.2867281099,60539.3835608329,698.631071337653,5.2692946407291,66755.2867281099,60539.3835608329,67459.1870940883,61243.2839268113,109069570.971721,98913582.9610937,10821451.312392,22615415.8598504,20509586.6145191,10291269.139383,9332999.98087676,212298.406957503,192530.28963086,96654.1415934635,87654.2134333428,27200985.5421112,222908.650528631,53707946.4140257,81131840.6066655,73577267.9321746,114347478.15445,103700039.030635,96462.9140346646,0,0,0,0
"United Republic of Tanzania","TZA","VE1",38708.144491375,35309.0274260965,299.74565059867,1.09142133095069,38708.144491375,35309.0274260965,39008.9815633046,35609.8644980261,248743154.404322,226900022.626323,12522048.4239633,12106484.7920203,11043365.9161915,4152050.77091555,3787442.57755545,55771.1020143345,50873.6183685205,19131.9888251624,17451.9323263856,15005320.9179941,59370.1570650359,30777480.8931932,45842171.9682524,41816587.4021557,62175610.6220277,56715721.4465975,15578.3915078594,0,0,0,0
"United Republic of Tanzania","TZA","VE2",54018.3384254039,49575.6782486805,418.30374998186,1.52311012565162,54018.3384254039,49575.6782486805,54438.1652855114,49995.505108788,347128287.138878,318579222.831472,17691592.3493894,16894950.6939832,15505449.8906678,5794307.28726228,5317762.85832975,77830.1905853259,71429.1590404977,26699.2453574971,24503.4045087061,20940360.5928621,82852.7763045605,42950867.3333687,63974080.7025353,58712624.8902259,86767868.1197236,79631770.2027726,21740.0972237895,0,0,0,0
"United Republic of Tanzania","TZA","VE3",45114.2143060287,40889.9079296898,349.352563810482,1.27204794933149,45114.2143060287,40889.9079296898,45464.8389177886,41240.5325414496,289909323.28091,262763426.544501,14409755.0931195,14110067.9605446,12788860.1999045,4839201.43292671,4386078.84653226,65001.0348317966,58914.6097408935,22298.2696613434,20210.3529335295,17488651.8721135,69195.7215828682,35871052.127663,53428899.7213593,48426040.9717267,72465468.4193238,65680104.980838,18156.5637481121,0,0,0,0
"Zambia","ZMB","VE1",13446.839599795,12260.2459336793,152.695748291797,0.302347832806869,13446.839599795,12260.2459336793,13599.8376959196,12413.2440298039,111649722.393222,101797381.073006,5287808.03983657,8235087.50832693,7508396.10959571,626900.973684801,571581.155289146,20550.2674243588,18736.843758392,1563.74631971402,1425.75616488145,7248492.1384221,15615.932093606,26228274.5401101,33492382.6106258,30536903.8325865,42376485.1063816,38637043.6973946,3733.64001013247,0,0,0,0
"Zambia","ZMB","VE2",18799.3527124935,17243.5664446014,213.476275115186,0.422697356401945,18799.3527124935,17243.5664446014,19013.251684965,17457.4654170729,156091882.850611,143174118.522107,7482785.14041449,11513063.2397554,10560271.6216758,876438.841457277,803907.008311749,28730.2992483435,26352.6532875175,2186.19538063171,2005.27145180646,10133753.6848443,21831.8522492468,36668436.5095839,46824022.0466774,42948985.9418819,59244440.6225191,54341522.4966088,5219.8150302193,0,0,0,0
"Zambia","ZMB","VE3",15633.4971061572,14165.1015056916,177.526363821482,0.351514118552521,15633.4971061572,14165.1015056916,15811.3749840972,14342.9793836317,129805639.38342,117613483.751706,6071847.87116072,9574236.07048477,8674964.0759813,728844.460827649,660386.841113024,23892.0486799268,21647.958382696,1818.03489084422,1647.27370944757,8427205.51762606,18155.3165250114,30493384.7897284,38938745.6238795,35281375.6590217,49267536.2387627,44640021.8082081,4340.78579287348,0,0,0,0
"Zimbabwe","ZWE","VE1",2676.15310051047,2440.98522501261,31.6276736199029,0.0034403528293044,2676.15310051047,2440.98522501261,2707.7842144832,2472.61633898535,5371442.52071056,4899425.1590307,1122375.12478126,1514474.35136491,1381389.39608394,173142.468586514,157927.514521227,205.980759340946,187.880129164591,23.5503985700672,21.4808991838796,1503686.95155207,178.097044596351,2425395.34138931,3929260.38998598,3583975.27979755,5617106.74109532,5123501.55143106,28.4112613093573,0,0,0,0
"Zimbabwe","ZWE","VE2",3731.46337972999,3424.53934821083,44.0996839366958,0.00479701650606279,3731.46337972999,3424.53934821083,3775.5678606832,3468.64382916403,7489609.26732213,6873566.48814948,1584511.7896591,2111689.94052715,1937997.12248,241419.215097743,221561.762071002,287.206909149968,263.583281241594,32.8372281187833,30.1362678218445,2096648.65333157,248.327571327164,3381822.17453689,5478719.15543979,5028078.10670718,7832148.35520195,7187930.71080724,39.6149163243254,0,0,0,0
"Zimbabwe","ZWE","VE3",3071.54427000826,2785.40561703199,36.3005388826126,0.0039486515243246,3071.54427000826,2785.40561703199,3107.8487575424,2821.71010456613,6165052.17620779,5590728.78375224,1273445.54767541,1738232.02234658,1576301.95534704,198723.592151941,180210.917101742,236.413612122921,214.3898134824,27.0298779881102,24.5118309740556,1725850.82633911,204.41018741827,2783738.03125392,4509793.26778045,4089670.34022105,6447012.32576908,5846422.11431429,32.6089142141449,0,0,0,0
